country_code,level
AE,premium
AT,premium
AU,premium
BE,premium
BT,premium
CA,premium
CH,premium
DE,premium
DK,premium
ES,premium
FI,premium
FR,premium
GB,premium
HK,premium
IE,premium
IS,premium
IT,premium
JP,premium
KR,premium
MV,premium
NL,premium
NO,premium
NZ,premium
QA,premium
SE,premium
SG,premium
US,premium
BR,mid
CN,mid
CZ,mid
EG,mid
GR,mid
HU,mid
ID,mid
MA,mid
MX,mid
MY,mid
OM,mid
PH,mid
PL,mid
PT,mid
TH,mid
TR,mid
VN,mid
ZA,mid
BD,budget
KH,budget
LA,budget
LK,budget
MM,budget
NP,budget
PK,budget