city,aliases,state,stay_budget,stay_mid,stay_comfort,food_budget,food_mid,food_comfort,local_budget,local_mid,local_comfort,attractions_per_person_day
_default,,India,1500,3000,6000,600,1000,1800,500,1000,2200,300
_metro,,India,2200,4200,8500,750,1300,2400,650,1200,2600,200
_city,,India,1500,3000,6200,600,1000,1800,500,950,2100,200
_town,,India,1300,2700,5800,550,950,1700,500,950,2100,150
_intl_premium,,International,7000,12000,22000,2500,4000,7000,2000,3500,7000,1500
_intl_mid,,International,2500,5000,10000,900,1600,3000,900,1600,3500,600
_intl_budget,,International,1500,3000,6000,600,1000,1800,600,1000,2200,400
Jaipur,,Rajasthan,1500,3000,6500,600,1000,1800,500,900,2000,350
Udaipur,,Rajasthan,1800,3500,8000,650,1100,2000,500,900,2000,300
Jodhpur,,Rajasthan,1400,2800,6000,550,950,1700,450,850,1900,300
Jaisalmer,,Rajasthan,1400,2800,6500,550,950,1800,450,900,2200,350
Agra,,Uttar Pradesh,1300,2800,6000,500,900,1700,450,850,1800,500
Varanasi,Banaras|Benares,Uttar Pradesh,1200,2500,5500,450,850,1600,400,800,1700,150
New Delhi,Delhi,Delhi,1800,3500,7500,700,1200,2200,600,1100,2500,250
Mumbai,Bombay,Maharashtra,2500,4500,9000,800,1400,2500,700,1300,2800,200
Pune,,Maharashtra,1600,3000,6000,600,1000,1800,500,1000,2200,150
Lonavala,,Maharashtra,1800,3500,7000,600,1000,1800,400,900,2000,100
Goa,Panaji|Panjim,Goa,1800,3800,8000,700,1200,2200,700,1300,2500,100
Bengaluru,Bangalore,Karnataka,1800,3500,7000,650,1100,2000,600,1100,2400,150
Mysuru,Mysore,Karnataka,1300,2600,5500,500,900,1600,450,850,1800,250
Hampi,,Karnataka,1100,2400,5000,450,800,1500,400,800,1600,250
Chennai,Madras,Tamil Nadu,1600,3200,6500,600,1000,1800,550,1000,2200,150
Puducherry,Pondicherry,Puducherry,1500,3000,6000,600,1000,1800,450,850,1800,100
Ooty,Udhagamandalam,Tamil Nadu,1500,3000,6500,550,950,1700,500,1000,2200,150
Kochi,Cochin,Kerala,1500,3000,6500,600,1000,1800,500,950,2000,150
Munnar,,Kerala,1600,3200,7000,600,1000,1800,600,1100,2400,200
Hyderabad,,Telangana,1500,3000,6500,600,1000,1800,550,1000,2200,200
Kolkata,Calcutta,West Bengal,1400,2800,6000,550,950,1700,450,900,2000,150
Darjeeling,,West Bengal,1400,2800,6000,550,950,1700,600,1100,2400,200
Amritsar,,Punjab,1300,2600,5500,500,900,1600,450,850,1800,50
Rishikesh,,Uttarakhand,1200,2500,5500,450,850,1600,450,850,1800,100
Manali,,Himachal Pradesh,1500,3000,6500,550,950,1800,700,1300,2800,200
Shimla,,Himachal Pradesh,1600,3200,6500,550,950,1800,600,1200,2600,150
Leh,Ladakh,Ladakh,2000,3800,8000,700,1200,2200,900,1600,3500,300
Srinagar,,Jammu and Kashmir,1800,3500,7500,650,1100,2000,700,1300,2800,250
Shillong,,Meghalaya,1400,2800,6000,550,950,1700,600,1100,2400,150
Ahmedabad,,Gujarat,1400,2800,6000,500,900,1600,500,900,2000,100